route,pax_2019,pax_2025,recovery_index,status,pax_change
DELHI-NASIK,10977,131502,1198.0,Fully Recovered & Grown,120525
GOA-JAIPUR,17418,175016,1004.8,Fully Recovered & Grown,157598
INDORE-PUNE,28536,246732,864.6,Fully Recovered & Grown,218196
JODHPUR-PUNE,11519,98291,853.3,Fully Recovered & Grown,86772
DELHI-GWALIOR,11107,83358,750.5,Fully Recovered & Grown,72251
BENGALURU-JODHPUR,21540,143155,664.6,Fully Recovered & Grown,121615
GUWAHATI-LUCKNOW,15531,93660,603.1,Fully Recovered & Grown,78129
CHANDIGARH-LUCKNOW,16184,93215,576.0,Fully Recovered & Grown,77031
DELHI-PANTNAGAR,13544,71997,531.6,Fully Recovered & Grown,58453
AHMEDABAD-BHOPAL,14818,74729,504.3,Fully Recovered & Grown,59911
COIMBATORE-PUNE,25459,118183,464.2,Fully Recovered & Grown,92724
CHANDIGARH-CHENNAI,25338,113421,447.6,Fully Recovered & Grown,88083
DELHI-MANGALORE,53456,236452,442.3,Fully Recovered & Grown,182996
AHMEDABAD-BHUBANESWAR,27307,120449,441.1,Fully Recovered & Grown,93142
MUMBAI-PRAYAGRAJ,78421,345737,440.9,Fully Recovered & Grown,267316
AIZAWL-GUWAHATI,31022,134198,432.6,Fully Recovered & Grown,103176
CHENNAI-DURGAPUR,21884,94206,430.5,Fully Recovered & Grown,72322
MUMBAI-RAJKOT,128152,546505,426.5,Fully Recovered & Grown,418353
GOA-RAIPUR,29116,119491,410.4,Fully Recovered & Grown,90375
DELHI-TIRUPATI,38529,153081,397.3,Fully Recovered & Grown,114552
BENGALURU-GWALIOR,24101,91966,381.6,Fully Recovered & Grown,67865
BENGALURU-VARANASI,237195,903147,380.8,Fully Recovered & Grown,665952
INDORE-LUCKNOW,16190,60478,373.6,Fully Recovered & Grown,44288
BENGALURU-TIRUCHIRAPALLY,50221,186467,371.3,Fully Recovered & Grown,136246
AMRITSAR-KOLKATA,11650,42970,368.8,Fully Recovered & Grown,31320
BHOPAL-PUNE,28154,103403,367.3,Fully Recovered & Grown,75249
BENGALURU-SHIRDI,42787,150490,351.7,Fully Recovered & Grown,107703
DURGAPUR-HYDERABAD,31979,109148,341.3,Fully Recovered & Grown,77169
GAYA-KOLKATA,28659,96436,336.5,Fully Recovered & Grown,67777
GUWAHATI-PATNA,16709,56211,336.4,Fully Recovered & Grown,39502
KOLKATA-SRINAGAR,29872,95591,320.0,Fully Recovered & Grown,65719
DELHI-DURGAPUR,36190,115221,318.4,Fully Recovered & Grown,79031
MUMBAI-VIJAYAWADA,53813,170908,317.6,Fully Recovered & Grown,117095
DELHI-KANNUR,29500,92546,313.7,Fully Recovered & Grown,63046
HYDERABAD-RANCHI,111451,337625,302.9,Fully Recovered & Grown,226174
BAGDOGRA-HYDERABAD,116154,351075,302.2,Fully Recovered & Grown,234921
CHANDIGARH-KOLKATA,64097,184553,287.9,Fully Recovered & Grown,120456
BENGALURU-GORAKHPUR,90950,261504,287.5,Fully Recovered & Grown,170554
CHENNAI-PATNA,65888,189319,287.3,Fully Recovered & Grown,123431
DELHI-RAJKOT,97252,268909,276.5,Fully Recovered & Grown,171657
CHANDIGARH-PUNE,47768,131826,276.0,Fully Recovered & Grown,84058
BENGALURU-BHOPAL,90812,247665,272.7,Fully Recovered & Grown,156853
AHMEDABAD-COIMBATORE,10282,27242,264.9,Fully Recovered & Grown,16960
DELHI-GAYA,54664,144577,264.5,Fully Recovered & Grown,89913
DELHI-DIMAPUR,40517,102719,253.5,Fully Recovered & Grown,62202
AHMEDABAD-DEHRADUN,54336,137720,253.5,Fully Recovered & Grown,83384
DIBRUGARH-GUWAHATI,88943,220389,247.8,Fully Recovered & Grown,131446
BHUJ-MUMBAI,60098,145189,241.6,Fully Recovered & Grown,85091
AGATTI ISLAND-KOCHI,25628,61845,241.3,Fully Recovered & Grown,36217
GORAKHPUR-HYDERABAD,59047,141569,239.8,Fully Recovered & Grown,82522
HYDERABAD-THIRUVANANTHAPURAM,122390,292907,239.3,Fully Recovered & Grown,170517
KOLKATA-SHILLONG,22459,53554,238.5,Fully Recovered & Grown,31095
HUBLI-MUMBAI,44011,104891,238.3,Fully Recovered & Grown,60880
VIJAYAWADA-VISAKHAPATNAM,46872,106927,228.1,Fully Recovered & Grown,60055
DELHI-KOZHIKODE,53872,117073,217.3,Fully Recovered & Grown,63201
DELHI-JAISALMER,39119,84812,216.8,Fully Recovered & Grown,45693
HYDERABAD-UDAIPUR,69458,149466,215.2,Fully Recovered & Grown,80008
CHANDIGARH-HYDERABAD,123762,264196,213.5,Fully Recovered & Grown,140434
BENGALURU-SURAT,155923,330782,212.1,Fully Recovered & Grown,174859
HYDERABAD-PATNA,233707,495130,211.9,Fully Recovered & Grown,261423
DELHI-PRAYAGRAJ,136825,286358,209.3,Fully Recovered & Grown,149533
JABALPUR-MUMBAI,53398,111418,208.7,Fully Recovered & Grown,58020
BENGALURU-GUWAHATI,386019,803155,208.1,Fully Recovered & Grown,417136
AURANGABAD-DELHI,125030,256036,204.8,Fully Recovered & Grown,131006
BENGALURU-DEHRADUN,112970,226597,200.6,Fully Recovered & Grown,113627
AURANGABAD-MUMBAI,114409,228453,199.7,Fully Recovered & Grown,114044
MUMBAI-SRINAGAR,158541,313640,197.8,Fully Recovered & Grown,155099
MUMBAI-TIRUPATI,59213,115985,195.9,Fully Recovered & Grown,56772
BENGALURU-KOZHIKODE,149993,290166,193.5,Fully Recovered & Grown,140173
AHMEDABAD-INDORE,68404,130546,190.8,Fully Recovered & Grown,62142
BENGALURU-KOLHAPUR,26688,50672,189.9,Fully Recovered & Grown,23984
GORAKHPUR-MUMBAI,132111,249139,188.6,Fully Recovered & Grown,117028
BENGALURU-MADURAI,101827,191148,187.7,Fully Recovered & Grown,89321
HYDERABAD-VARANASI,349692,653570,186.9,Fully Recovered & Grown,303878
DELHI-KANPUR,53878,100152,185.9,Fully Recovered & Grown,46274
AHMEDABAD-GUWAHATI,59233,109633,185.1,Fully Recovered & Grown,50400
CHANDIGARH-LEH,20592,37970,184.4,Fully Recovered & Grown,17378
DURGAPUR-MUMBAI,37957,69437,182.9,Fully Recovered & Grown,31480
DELHI-DIBRUGARH,121490,218645,180.0,Fully Recovered & Grown,97155
DELHI-JORHAT,10366,18427,177.8,Fully Recovered & Grown,8061
HYDERABAD-KOCHI,473842,839157,177.1,Fully Recovered & Grown,365315
HYDERABAD-NASIK,29200,51439,176.2,Fully Recovered & Grown,22239
BHUBANESWAR-RANCHI,25225,44157,175.1,Fully Recovered & Grown,18932
HYDERABAD-VADODARA,66498,116234,174.8,Fully Recovered & Grown,49736
AGARTALA-DELHI,87136,151758,174.2,Fully Recovered & Grown,64622
CHENNAI-RAIPUR,66920,116174,173.6,Fully Recovered & Grown,49254
GOA-PUNE,247732,428488,173.0,Fully Recovered & Grown,180756
HYDERABAD-MYSORE,25932,44710,172.4,Fully Recovered & Grown,18778
AMRITSAR-SRINAGAR,81151,139538,171.9,Fully Recovered & Grown,58387
GUWAHATI-HYDERABAD,208455,357373,171.4,Fully Recovered & Grown,148918
TIRUPATI-VIJAYAWADA,17177,29262,170.4,Fully Recovered & Grown,12085
AURANGABAD-HYDERABAD,46820,79423,169.6,Fully Recovered & Grown,32603
DELHI-MADURAI,72131,122230,169.5,Fully Recovered & Grown,50099
DELHI-GORAKHPUR,269596,454317,168.5,Fully Recovered & Grown,184721
BHUBANESWAR-KOCHI,42031,70255,167.2,Fully Recovered & Grown,28224
MADURAI-MUMBAI,118990,198780,167.1,Fully Recovered & Grown,79790
AHMEDABAD-GOA,395381,659036,166.7,Fully Recovered & Grown,263655
MUMBAI-VARANASI,553278,901044,162.9,Fully Recovered & Grown,347766
BENGALURU-THIRUVANANTHAPURAM,441212,716827,162.5,Fully Recovered & Grown,275615
AHMEDABAD-NAGPUR,59166,95586,161.6,Fully Recovered & Grown,36420
MUMBAI-PORT BLAIR,39129,62756,160.4,Fully Recovered & Grown,23627
CHENNAI-TIRUCHIRAPALLY,209548,334801,159.8,Fully Recovered & Grown,125253
LUCKNOW-PUNE,124628,197727,158.7,Fully Recovered & Grown,73099
JODHPUR-MUMBAI,176269,279305,158.5,Fully Recovered & Grown,103036
HYDERABAD-NAGPUR,69828,110434,158.2,Fully Recovered & Grown,40606
KOLKATA-PRAYAGRAJ,23814,37473,157.4,Fully Recovered & Grown,13659
CHENNAI-INDORE,106335,167006,157.1,Fully Recovered & Grown,60671
COIMBATORE-HYDERABAD,331564,520636,157.0,Fully Recovered & Grown,189072
JAMNAGAR-MUMBAI,67526,105550,156.3,Fully Recovered & Grown,38024
AHMEDABAD-CHANDIGARH,140274,218997,156.1,Fully Recovered & Grown,78723
BHOPAL-RAIPUR,27642,43081,155.9,Fully Recovered & Grown,15439
BAGDOGRA-MUMBAI,245015,381484,155.7,Fully Recovered & Grown,136469
GOA-HYDERABAD,867941,1348133,155.3,Fully Recovered & Grown,480192
LEH-MUMBAI,20841,32057,153.8,Fully Recovered & Grown,11216
DEHRADUN-JAIPUR,40022,60830,152.0,Fully Recovered & Grown,20808
BELGAUM-HYDERABAD,31009,47022,151.6,Fully Recovered & Grown,16013
DELHI-JHARSUGUDA,71131,107127,150.6,Fully Recovered & Grown,35996
BENGALURU-CHANDIGARH,316915,476018,150.2,Fully Recovered & Grown,159103
BENGALURU-GOA,1062807,1562604,147.0,Fully Recovered & Grown,499797
BENGALURU-PONDICHERRY,32676,47932,146.7,Fully Recovered & Grown,15256
GOA-KOLKATA,136182,197662,145.1,Fully Recovered & Grown,61480
MUMBAI-VISAKHAPATNAM,141793,203614,143.6,Fully Recovered & Grown,61821
AHMEDABAD-PATNA,110808,159058,143.5,Fully Recovered & Grown,48250
AGARTALA-GUWAHATI,225430,322528,143.1,Fully Recovered & Grown,97098
HYDERABAD-INDORE,288371,410700,142.4,Fully Recovered & Grown,122329
BENGALURU-RAJAHMUNDRY,56936,80902,142.1,Fully Recovered & Grown,23966
BENGALURU-PORT BLAIR,169886,241087,141.9,Fully Recovered & Grown,71201
BENGALURU-SRINAGAR,74131,105223,141.9,Fully Recovered & Grown,31092
DEHRADUN-HYDERABAD,86040,121557,141.3,Fully Recovered & Grown,35517
BAGDOGRA-CHENNAI,133222,187639,140.8,Fully Recovered & Grown,54417
DELHI-UDAIPUR,457208,642475,140.5,Fully Recovered & Grown,185267
BAGDOGRA-BENGALURU,437125,612119,140.0,Fully Recovered & Grown,174994
MUMBAI-UDAIPUR,423119,585290,138.3,Fully Recovered & Grown,162171
BENGALURU-MANGALORE,579866,801452,138.2,Fully Recovered & Grown,221586
BHUBANESWAR-HYDERABAD,418659,574954,137.3,Fully Recovered & Grown,156295
HYDERABAD-LUCKNOW,325446,445925,137.0,Fully Recovered & Grown,120479
HYDERABAD-PUNE,533095,727430,136.5,Fully Recovered & Grown,194335
DELHI-JODHPUR,214937,291565,135.7,Fully Recovered & Grown,76628
AMRITSAR-BENGALURU,90070,121982,135.4,Fully Recovered & Grown,31912
HYDERABAD-MADURAI,141777,191899,135.4,Fully Recovered & Grown,50122
BENGALURU-RAIPUR,206291,279320,135.4,Fully Recovered & Grown,73029
IMPHAL-KOLKATA,279324,378038,135.3,Fully Recovered & Grown,98714
PORT BLAIR-VISAKHAPATNAM,25888,35016,135.3,Fully Recovered & Grown,9128
DELHI-INDORE,784240,1059384,135.1,Fully Recovered & Grown,275144
DELHI-LEH,565780,763313,134.9,Fully Recovered & Grown,197533
HYDERABAD-JHARSUGUDA,36999,49786,134.6,Fully Recovered & Grown,12787
AHMEDABAD-BELGAUM,12400,16650,134.3,Fully Recovered & Grown,4250
HYDERABAD-SHIRDI,140389,186976,133.2,Fully Recovered & Grown,46587
BENGALURU-KOCHI,1021198,1356636,132.8,Fully Recovered & Grown,335438
BENGALURU-PRAYAGRAJ,102083,135351,132.6,Fully Recovered & Grown,33268
JHARSUGUDA-KOLKATA,33529,44423,132.5,Fully Recovered & Grown,10894
BENGALURU-PATNA,519655,687784,132.4,Fully Recovered & Grown,168129
CHANDIGARH-DELHI,667487,863855,129.4,Fully Recovered & Grown,196368
KOLKATA-RAIPUR,200045,257094,128.5,Fully Recovered & Grown,57049
HYDERABAD-TIRUPATI,625224,799402,127.9,Fully Recovered & Grown,174178
HYDERABAD-MANGALORE,99578,126433,127.0,Fully Recovered & Grown,26855
BENGALURU-UDAIPUR,136312,171909,126.1,Fully Recovered & Grown,35597
DELHI-THIRUVANANTHAPURAM,363298,455320,125.3,Fully Recovered & Grown,92022
BHUBANESWAR-MUMBAI,452779,564321,124.6,Fully Recovered & Grown,111542
AGARTALA-IMPHAL,33783,41853,123.9,Fully Recovered & Grown,8070
BHUBANESWAR-CHENNAI,208342,258061,123.9,Fully Recovered & Grown,49719
CHANDIGARH-SRINAGAR,159692,197166,123.5,Fully Recovered & Grown,37474
BENGALURU-LUCKNOW,663723,819731,123.5,Fully Recovered & Grown,156008
DELHI-VIJAYAWADA,236652,291481,123.2,Fully Recovered & Grown,54829
LUCKNOW-MUMBAI,745227,917252,123.1,Fully Recovered & Grown,172025
AHMEDABAD-LUCKNOW,224595,276058,122.9,Fully Recovered & Grown,51463
DELHI-GOA,1942688,2385305,122.8,Fully Recovered & Grown,442617
HYDERABAD-PONDICHERRY,39451,48304,122.4,Fully Recovered & Grown,8853
MUMBAI-THIRUVANANTHAPURAM,286417,350298,122.3,Fully Recovered & Grown,63881
CHENNAI-JAIPUR,199576,243964,122.2,Fully Recovered & Grown,44388
MANGALORE-MUMBAI,464605,566245,121.9,Fully Recovered & Grown,101640
COIMBATORE-MUMBAI,528388,643004,121.7,Fully Recovered & Grown,114616
CHENNAI-VISAKHAPATNAM,257655,313136,121.5,Fully Recovered & Grown,55481
AMRITSAR-DELHI,904099,1094756,121.1,Fully Recovered & Grown,190657
BHOPAL-DELHI,478337,576000,120.4,Fully Recovered & Grown,97663
KOLKATA-VARANASI,197242,235567,119.4,Fully Recovered & Grown,38325
DEHRADUN-MUMBAI,247646,295387,119.3,Fully Recovered & Grown,47741
DELHI-JABALPUR,123241,147060,119.3,Fully Recovered & Grown,23819
CHENNAI-GUWAHATI,305096,363570,119.2,Fully Recovered & Grown,58474
BENGALURU-BHUBANESWAR,676404,799092,118.1,Fully Recovered & Grown,122688
BENGALURU-INDORE,428660,505356,117.9,Fully Recovered & Grown,76696
JAMMU-LEH,46497,54804,117.9,Fully Recovered & Grown,8307
JAISALMER-MUMBAI,35651,41982,117.8,Fully Recovered & Grown,6331
DIU-MUMBAI,18547,21815,117.6,Fully Recovered & Grown,3268
BENGALURU-KOLKATA,1881425,2199384,116.9,Fully Recovered & Grown,317959
JAIPUR-MUMBAI,910135,1062506,116.7,Fully Recovered & Grown,152371
BHUBANESWAR-JHARSUGUDA,17987,20934,116.4,Fully Recovered & Grown,2947
GUWAHATI-SILCHAR,103723,120157,115.8,Fully Recovered & Grown,16434
AIZAWL-KOLKATA,114142,131666,115.4,Fully Recovered & Grown,17524
DELHI-VISAKHAPATNAM,421145,485049,115.2,Fully Recovered & Grown,63904
MUMBAI-RAIPUR,316171,364341,115.2,Fully Recovered & Grown,48170
BENGALURU-JAIPUR,606803,697402,114.9,Fully Recovered & Grown,90599
AHMEDABAD-BENGALURU,970886,1115027,114.8,Fully Recovered & Grown,144141
AHMEDABAD-KOLKATA,506699,581517,114.8,Fully Recovered & Grown,74818
KOLKATA-SILCHAR,247634,283343,114.4,Fully Recovered & Grown,35709
DIBRUGARH-KOLKATA,222019,252978,113.9,Fully Recovered & Grown,30959
GUWAHATI-JAIPUR,120248,136998,113.9,Fully Recovered & Grown,16750
GUWAHATI-MUMBAI,345939,393930,113.9,Fully Recovered & Grown,47991
KOLKATA-MUMBAI,2003249,2278822,113.8,Fully Recovered & Grown,275573
BENGALURU-HYDERABAD,2139481,2395452,112.0,Fully Recovered & Grown,255971
BIKANER-DELHI,34828,38806,111.4,Fully Recovered & Grown,3978
GOA-KOCHI,91682,101957,111.2,Fully Recovered & Grown,10275
CHANDIGARH-MUMBAI,558673,619317,110.9,Fully Recovered & Grown,60644
DELHI-SRINAGAR,1599359,1769865,110.7,Fully Recovered & Grown,170506
HYDERABAD-VISAKHAPATNAM,923245,1021251,110.6,Fully Recovered & Grown,98006
BENGALURU-RANCHI,416930,459880,110.3,Fully Recovered & Grown,42950
KOCHI-PUNE,198057,215746,108.9,Recovered,17689
DEHRADUN-DELHI,601378,649476,108.0,Recovered,48098
CHENNAI-KOCHI,708738,765473,108.0,Recovered,56735
JORHAT-KOLKATA,114489,123145,107.6,Recovered,8656
CHENNAI-SALEM,39613,42599,107.5,Recovered,2986
HYDERABAD-RAJAHMUNDRY,258142,276976,107.3,Recovered,18834
AHMEDABAD-DELHI,2239720,2403994,107.3,Recovered,164274
JAIPUR-KOLKATA,452136,484859,107.2,Recovered,32723
CHENNAI-HYDERABAD,1456929,1557977,106.9,Recovered,101048
HYDERABAD-VIJAYAWADA,346286,368416,106.4,Recovered,22130
INDORE-KOLKATA,157025,167022,106.4,Recovered,9997
DELHI-RAIPUR,732200,774599,105.8,Recovered,42399
DELHI-SURAT,542379,573524,105.7,Recovered,31145
GOA-MUMBAI,2229868,2355180,105.6,Recovered,125312
AHMEDABAD-PUNE,608541,641881,105.5,Recovered,33340
KOLKATA-PORT BLAIR,554350,583865,105.3,Recovered,29515
BENGALURU-CHENNAI,1416407,1488951,105.1,Recovered,72544
JAIPUR-PUNE,260059,272700,104.9,Recovered,12641
DELHI-PUNE,2684564,2799916,104.3,Recovered,115352
BENGALURU-DELHI,4422058,4613046,104.3,Recovered,190988
INDORE-MUMBAI,672629,700784,104.2,Recovered,28155
HYDERABAD-PORT BLAIR,107691,111988,104.0,Recovered,4297
DELHI-VARANASI,896098,932115,104.0,Recovered,36017
CHENNAI-PUNE,784170,814261,103.8,Recovered,30091
BHATINDA-DELHI,16072,16667,103.7,Recovered,595
KOCHI-MUMBAI,1129309,1168060,103.4,Recovered,38751
DELHI-GUWAHATI,1476456,1523059,103.2,Recovered,46603
BELGAUM-MUMBAI,33073,34099,103.1,Recovered,1026
CHENNAI-TUTICORIN,227316,233835,102.9,Recovered,6519
CHENNAI-SHIRDI,123589,126935,102.7,Recovered,3346
BENGALURU-COIMBATORE,404248,411560,101.8,Recovered,7312
DELHI-HYDERABAD,3025461,3072905,101.6,Recovered,47444
CHENNAI-COIMBATORE,914118,925412,101.2,Recovered,11294
DELHI-VADODARA,561538,568536,101.2,Recovered,6998
BENGALURU-VISAKHAPATNAM,492837,496220,100.7,Recovered,3383
BHUBANESWAR-GUWAHATI,105018,105410,100.4,Recovered,392
AHMEDABAD-MUMBAI,1956722,1956035,100.0,Recovered,-687
BENGALURU-VIJAYAWADA,275165,275222,100.0,Recovered,57
CHENNAI-VARANASI,165019,164906,99.9,Recovered,-113
BENGALURU-MUMBAI,3940960,3934223,99.8,Recovered,-6737
BHUBANESWAR-DELHI,1174741,1167542,99.4,Recovered,-7199
AMRITSAR-HYDERABAD,93866,92721,98.8,Recovered,-1145
AGARTALA-BENGALURU,90017,88866,98.7,Recovered,-1151
CHENNAI-RAJAHMUNDRY,43983,43292,98.4,Recovered,-691
DELHI-JAMMU,615708,605013,98.3,Recovered,-10695
BAGDOGRA-DIBRUGARH,52469,51147,97.5,Recovered,-1322
BENGALURU-NAGPUR,463328,451196,97.4,Recovered,-12132
BENGALURU-PUNE,1853618,1797333,97.0,Recovered,-56285
CHENNAI-GOA,317888,306664,96.5,Recovered,-11224
HYDERABAD-KOLKATA,1104706,1062793,96.2,Recovered,-41913
CHENNAI-MUMBAI,2171629,2076910,95.6,Recovered,-94719
CHENNAI-MYSORE,43090,41146,95.5,Recovered,-1944
DELHI-DHARAMSALA,133367,127075,95.3,Recovered,-6292
AHMEDABAD-BAGDOGRA,106758,101602,95.2,Recovered,-5156
DELHI-JAIPUR,591070,562533,95.2,Recovered,-28537
JAIPUR-SURAT,86670,82402,95.1,Recovered,-4268
HYDERABAD-MUMBAI,2333628,2211962,94.8,Recovered,-121666
GUWAHATI-IMPHAL,520919,493864,94.8,Recovered,-27055
CHENNAI-DELHI,2426650,2294125,94.5,Recovered,-132525
DELHI-NAGPUR,728095,682480,93.7,Recovered,-45615
DELHI-MUMBAI,6996400,6534846,93.4,Recovered,-461554
BAGDOGRA-DELHI,1146079,1065166,92.9,Recovered,-80913
HYDERABAD-SURAT,155729,144715,92.9,Recovered,-11014
MUMBAI-VADODARA,359741,332824,92.5,Recovered,-26917
GOA-INDORE,182852,168493,92.1,Recovered,-14359
GOA-LUCKNOW,113134,103970,91.9,Recovered,-9164
AHMEDABAD-NASIK,54717,49855,91.1,Recovered,-4862
JAIPUR-UDAIPUR,75577,68747,91.0,Recovered,-6830
CHENNAI-KOZHIKODE,112513,102442,91.0,Recovered,-10071
KOZHIKODE-MUMBAI,187229,170181,90.9,Recovered,-17048
KOLKATA-LILABARI,13339,12093,90.7,Recovered,-1246
HYDERABAD-KOLHAPUR,52203,47275,90.6,Recovered,-4928
MUMBAI-NAGPUR,819289,741657,90.5,Recovered,-77632
DELHI-KOCHI,1043981,941268,90.2,Recovered,-102713
GOA-SURAT,175685,157835,89.8,Partially Recovered,-17850
AGARTALA-KOLKATA,895737,796035,88.9,Partially Recovered,-99702
INDORE-RAIPUR,139180,122729,88.2,Partially Recovered,-16451
DELHI-SHIRDI,195503,171955,88.0,Partially Recovered,-23548
CHENNAI-PORT BLAIR,641867,560839,87.4,Partially Recovered,-81028
AHMEDABAD-HYDERABAD,704244,611841,86.9,Partially Recovered,-92403
CHENNAI-SURAT,105306,91149,86.6,Partially Recovered,-14157
HYDERABAD-JAIPUR,593965,513479,86.4,Partially Recovered,-80486
BELGAUM-BENGALURU,109349,93936,85.9,Partially Recovered,-15413
COIMBATORE-DELHI,498904,428608,85.9,Partially Recovered,-70296
CHENNAI-THIRUVANANTHAPURAM,380788,323889,85.1,Partially Recovered,-56899
BHOPAL-MUMBAI,431231,365929,84.9,Partially Recovered,-65302
DELHI-KOLKATA,3231936,2736855,84.7,Partially Recovered,-495081
CHENNAI-MANGALORE,87337,73588,84.3,Partially Recovered,-13749
BENGALURU-TIRUPATI,80911,68145,84.2,Partially Recovered,-12766
CHENNAI-LUCKNOW,115561,97202,84.1,Partially Recovered,-18359
PRAYAGRAJ-RAIPUR,21180,17738,83.7,Partially Recovered,-3442
DEHRADUN-LUCKNOW,104420,86799,83.1,Partially Recovered,-17621
HYDERABAD-JABALPUR,83132,68400,82.3,Partially Recovered,-14732
JAMMU-SRINAGAR,571595,469041,82.1,Partially Recovered,-102554
BHOPAL-HYDERABAD,118357,95929,81.1,Partially Recovered,-22428
MUMBAI-PATNA,534416,427812,80.1,Partially Recovered,-106604
KOLKATA-PUNE,631029,497794,78.9,Partially Recovered,-133235
DELHI-IMPHAL,301445,237256,78.7,Partially Recovered,-64189
BENGALURU-VADODARA,134278,104545,77.9,Partially Recovered,-29733
AMRITSAR-MUMBAI,376808,291748,77.4,Partially Recovered,-85060
DELHI-RANCHI,1220418,937736,76.8,Partially Recovered,-282682
GORAKHPUR-KOLKATA,59031,45112,76.4,Partially Recovered,-13919
MUMBAI-RANCHI,331077,252152,76.2,Partially Recovered,-78925
NAGPUR-PUNE,427319,322279,75.4,Partially Recovered,-105040
KOLKATA-LUCKNOW,325028,244190,75.1,Partially Recovered,-80838
DIMAPUR-KOLKATA,143225,107365,75.0,Partially Recovered,-35860
CHENNAI-KOLKATA,1352809,1007918,74.5,Partially Recovered,-344891
KANPUR-MUMBAI,158395,117014,73.9,Partially Recovered,-41381
HYDERABAD-RAIPUR,331660,242182,73.0,Partially Recovered,-89478
AHMEDABAD-JODHPUR,52857,38361,72.6,Partially Recovered,-14496
CHENNAI-VIJAYAWADA,129397,93439,72.2,Partially Recovered,-35958
CHENNAI-MADURAI,636719,459165,72.1,Partially Recovered,-177554
KOLKATA-NAGPUR,184467,131728,71.4,Partially Recovered,-52739
GUWAHATI-KOLKATA,1495331,1065614,71.3,Partially Recovered,-429717
KOLKATA-RANCHI,280210,197170,70.4,Partially Recovered,-83040
AHMEDABAD-VARANASI,190243,133526,70.2,Partially Recovered,-56717
DELHI-PORT BLAIR,153454,107592,70.1,Partially Recovered,-45862
INDORE-NAGPUR,99570,69597,69.9,Partially Recovered,-29973
KANDLA-MUMBAI,48962,34122,69.7,Partially Recovered,-14840
DELHI-LUCKNOW,1799001,1245008,69.2,Partially Recovered,-553993
KHAJURAHO-VARANASI,28220,19311,68.4,Partially Recovered,-8909
LUCKNOW-PATNA,134727,91292,67.8,Partially Recovered,-43435
AHMEDABAD-CHENNAI,634527,427037,67.3,Partially Recovered,-207490
AHMEDABAD-VISAKHAPATNAM,11444,7606,66.5,Partially Recovered,-3838
CHENNAI-KANNUR,79114,52506,66.4,Partially Recovered,-26608
DELHI-PATNA,2107148,1400174,66.4,Partially Recovered,-706974
BHUBANESWAR-KOLKATA,702967,464597,66.1,Partially Recovered,-238370
KANNUR-THIRUVANANTHAPURAM,41532,27375,65.9,Partially Recovered,-14157
PATNA-RANCHI,100301,65416,65.2,Partially Recovered,-34885
BAGDOGRA-KOLKATA,905254,571167,63.1,Partially Recovered,-334087
AHMEDABAD-JAIPUR,330434,208292,63.0,Partially Recovered,-122142
KOLKATA-SURAT,198824,121502,61.1,Partially Recovered,-77322
HYDERABAD-NANDED,33888,19909,58.7,Partially Recovered,-13979
KOLKATA-VISAKHAPATNAM,230931,134375,58.2,Partially Recovered,-96556
KOLHAPUR-TIRUPATI,23468,13518,57.6,Partially Recovered,-9950
KANNUR-MUMBAI,165369,94325,57.0,Partially Recovered,-71044
KOLKATA-PATNA,577506,328858,56.9,Partially Recovered,-248648
AHMEDABAD-KOCHI,250027,142021,56.8,Partially Recovered,-108006
AIZAWL-IMPHAL,13759,7667,55.7,Partially Recovered,-6092
BENGALURU-HUBLI,171314,93772,54.7,Partially Recovered,-77542
BENGALURU-KANNUR,203342,108554,53.4,Partially Recovered,-94788
JAIPUR-LUCKNOW,101140,52700,52.1,Partially Recovered,-48440
JAMMU-MUMBAI,136224,66606,48.9,Critically Lagging,-69618
BHAVNAGAR-MUMBAI,35478,17243,48.6,Critically Lagging,-18235
KANNUR-KOCHI,67923,31820,46.8,Critically Lagging,-36103
JAIPUR-JAISALMER,41591,17601,42.3,Critically Lagging,-23990
DELHI-KULLU,15452,6503,42.1,Critically Lagging,-8949
LEH-SRINAGAR,46736,19467,41.7,Critically Lagging,-27269
KOCHI-KOLKATA,141474,57420,40.6,Critically Lagging,-84054
JAIPUR-VARANASI,90216,32356,35.9,Critically Lagging,-57860
HYDERABAD-KANNUR,139762,47398,33.9,Critically Lagging,-92364
KOCHI-THIRUVANANTHAPURAM,112522,34723,30.9,Critically Lagging,-77799
BENGALURU-VIDYANAGAR,35348,10846,30.7,Critically Lagging,-24502
AGARTALA-CHENNAI,46743,13035,27.9,Critically Lagging,-33708
BAGDOGRA-GUWAHATI,241569,65443,27.1,Critically Lagging,-176126
BHOPAL-UDAIPUR,13388,3546,26.5,Critically Lagging,-9842
JAIPUR-KOCHI,46526,12073,25.9,Critically Lagging,-34453
BHOPAL-JAIPUR,39802,6524,16.4,Critically Lagging,-33278
LUCKNOW-SRINAGAR,60139,9500,15.8,Critically Lagging,-50639
BENGALURU-IMPHAL,81824,12164,14.9,Critically Lagging,-69660
MUMBAI-PORBANDAR,48227,6643,13.8,Critically Lagging,-41584
COIMBATORE-VISAKHAPATNAM,14144,1831,12.9,Critically Lagging,-12313
BIKANER-JAIPUR,16990,2160,12.7,Critically Lagging,-14830
DHARAMSALA-JAIPUR,14076,1595,11.3,Critically Lagging,-12481
DELHI-SILCHAR,38440,4111,10.7,Critically Lagging,-34329
AMRITSAR-JAIPUR,36058,2922,8.1,Critically Lagging,-33136
HYDERABAD-VIDYANAGAR,36701,2920,8.0,Critically Lagging,-33781
GWALIOR-HYDERABAD,25293,1574,6.2,Critically Lagging,-23719
KOCHI-LUCKNOW,54843,3277,6.0,Critically Lagging,-51566
AHMEDABAD-UDAIPUR,17641,1014,5.7,Critically Lagging,-16627
AMRITSAR-GUWAHATI,50317,2760,5.5,Critically Lagging,-47557
KOCHI-TIRUCHIRAPALLY,30524,1314,4.3,Critically Lagging,-29210
MUMBAI-PUNE,18535,528,2.8,Critically Lagging,-18007
MUMBAI-SURAT,57484,1135,2.0,Critically Lagging,-56349
COIMBATORE-KOLKATA,27042,447,1.7,Critically Lagging,-26595
GUWAHATI-JORHAT,13775,171,1.2,Critically Lagging,-13604
MUMBAI-NANDED,37548,400,1.1,Critically Lagging,-37148
KOZHIKODE-THIRUVANANTHAPURAM,20205,149,0.7,Critically Lagging,-20056
JAIPUR-RAIPUR,11266,67,0.6,Critically Lagging,-11199
AGRA-JAIPUR,13023,80,0.6,Critically Lagging,-12943
CHENNAI-NAGPUR,92898,195,0.2,Critically Lagging,-92703
RAIPUR-RANCHI,30265,38,0.1,Critically Lagging,-30227
AHMEDABAD-JAISALMER,61806,37,0.1,Critically Lagging,-61769
HYDERABAD-IMPHAL,52398,37,0.1,Critically Lagging,-52361
KOCHI-NAGPUR,54450,31,0.1,Critically Lagging,-54419
GUWAHATI-KOCHI,74235,0,0.0,Lost Route,-74235
AHMEDABAD-PORBANDAR,27827,0,0.0,Lost Route,-27827
AMRITSAR-GOA,19367,0,0.0,Lost Route,-19367
MUMBAI-SHIRDI,18946,0,0.0,Lost Route,-18946
AHMEDABAD-AJMER,24655,0,0.0,Lost Route,-24655
GOA-GUWAHATI,16481,0,0.0,Lost Route,-16481
GAYA-VARANASI,13106,0,0.0,Lost Route,-13106
GOA-KANNUR,34237,0,0.0,Lost Route,-34237
GOA-HUBLI,41801,0,0.0,Lost Route,-41801
GOA-MYSORE,15592,0,0.0,Lost Route,-15592
CHENNAI-KADAPA,36063,0,0.0,Lost Route,-36063
DELHI-NANDED,21010,0,0.0,Lost Route,-21010
DELHI-PATHANKOT,12208,0,0.0,Lost Route,-12208
DELHI-LUDHIANA,16919,0,0.0,Lost Route,-16919
AMRITSAR-NANDED,21915,0,0.0,Lost Route,-21915
CHENNAI-UDAIPUR,71180,0,0.0,Lost Route,-71180
DEHRADUN-JAMMU,16205,0,0.0,Lost Route,-16205
DEHRADUN-PANTNAGAR,11837,0,0.0,Lost Route,-11837
HUBLI-TIRUPATI,14532,0,0.0,Lost Route,-14532
JAISALMER-SURAT,17629,0,0.0,Lost Route,-17629
JAMMU-LUCKNOW,39023,0,0.0,Lost Route,-39023
JABALPUR-KOLKATA,41315,0,0.0,Lost Route,-41315
INDORE-RANCHI,10109,0,0.0,Lost Route,-10109
BELGAUM-PUNE,14691,0,0.0,Lost Route,-14691
GWALIOR-JAMMU,22182,0,0.0,Lost Route,-22182
AJMER-HYDERABAD,37223,0,0.0,Lost Route,-37223
AMRITSAR-DEHRADUN,14035,0,0.0,Lost Route,-14035
AJMER-DELHI,49257,0,0.0,Lost Route,-49257
HUBLI-KOCHI,40511,0,0.0,Lost Route,-40511
HUBLI-KANNUR,20729,0,0.0,Lost Route,-20729
GWALIOR-KOLKATA,20522,0,0.0,Lost Route,-20522
GUWAHATI-VARANASI,60137,0,0.0,Lost Route,-60137
HYDERABAD-KADAPA,40219,0,0.0,Lost Route,-40219
CHANDIGARH-NANDED,22730,0,0.0,Lost Route,-22730
CHENNAI-HUBLI,69549,0,0.0,Lost Route,-69549
AHMEDABAD-JABALPUR,32369,0,0.0,Lost Route,-32369
AHMEDABAD-HUBLI,96699,0,0.0,Lost Route,-96699
KOCHI-VISAKHAPATNAM,38242,0,0.0,Lost Route,-38242
KOCHI-MYSORE,11694,0,0.0,Lost Route,-11694
BHOPAL-SURAT,13254,0,0.0,Lost Route,-13254
BHOPAL-SHIRDI,23686,0,0.0,Lost Route,-23686
KADAPA-VIJAYAWADA,35732,0,0.0,Lost Route,-35732
KANPUR-KOLKATA,23351,0,0.0,Lost Route,-23351
BHATINDA-JAMMU,13568,0,0.0,Lost Route,-13568
BENGALURU-MYSORE,13215,0,0.0,Lost Route,-13215
AHMEDABAD-KANDLA,25943,0,0.0,Lost Route,-25943
KOLKATA-PAKYONG,10052,0,0.0,Lost Route,-10052
KOLKATA-THIRUVANANTHAPURAM,16580,0,0.0,Lost Route,-16580
PATNA-RAIPUR,13730,0,0.0,Lost Route,-13730
SURAT-UDAIPUR,18145,0,0.0,Lost Route,-18145
ADAMPUR-DELHI,54604,27,0.0,Critically Lagging,-54577
ADAMPUR-GHAZIABAD,0,3018,,New Route,3018
ADAMPUR-HINDON,0,31222,,New Route,31222
ADAMPUR-MUMBAI,0,44552,,New Route,44552
ADAMPUR-NANDED,0,751,,New Route,751
AGARTALA-AHMEDABAD,0,715,,New Route,715
AGARTALA-BAGDOGRA,0,12186,,New Route,12186
AGARTALA-BHUBANESWAR,0,14,,New Route,14
AGARTALA-DIBRUGARH,0,15692,,New Route,15692
AGARTALA-HYDERABAD,0,70548,,New Route,70548
AGARTALA-JAIPUR,0,330,,New Route,330
AGARTALA-SILCHAR,0,1852,,New Route,1852
AGARTALA-VIJAYAWADA,0,1,,New Route,1
AGATTI ISLAND-BENGALURU,0,15075,,New Route,15075
AGATTI ISLAND-GOA,0,35068,,New Route,35068
AGATTI ISLAND-KOZHIKODE,0,5126,,New Route,5126
AGRA-AHMEDABAD,0,41768,,New Route,41768
AGRA-BENGALURU,0,89075,,New Route,89075
AGRA-DELHI,0,132,,New Route,132
AGRA-HYDERABAD,0,47727,,New Route,47727
AGRA-JODHPUR,0,60,,New Route,60
AGRA-MUMBAI,0,51989,,New Route,51989
AHMEDABAD-AMRITSAR,0,88352,,New Route,88352
AHMEDABAD-AYODHYA,0,119038,,New Route,119038
AHMEDABAD-BHUJ,0,13967,,New Route,13967
AHMEDABAD-DIBRUGARH,0,730,,New Route,730
AHMEDABAD-DIMAPUR,0,2193,,New Route,2193
AHMEDABAD-DIU,0,50300,,New Route,50300
AHMEDABAD-DURGAPUR,0,3135,,New Route,3135
AHMEDABAD-GHAZIABAD,0,8654,,New Route,8654
AHMEDABAD-GORAKHPUR,0,95,,New Route,95
AHMEDABAD-GWALIOR,0,4567,,New Route,4567
AHMEDABAD-HINDON,0,35595,,New Route,35595
AHMEDABAD-JALGAON,0,8027,,New Route,8027
AHMEDABAD-JAMMU,0,52672,,New Route,52672
AHMEDABAD-JAMNAGAR,0,7859,,New Route,7859
AHMEDABAD-KESHOD,0,3897,,New Route,3897
AHMEDABAD-KISHANGARH,0,29160,,New Route,29160
AHMEDABAD-KOLHAPUR,0,11646,,New Route,11646
AHMEDABAD-NANDED,0,24370,,New Route,24370
AHMEDABAD-PORT BLAIR,0,1060,,New Route,1060
AHMEDABAD-PRAYAGRAJ,0,56929,,New Route,56929
AHMEDABAD-PURNEA,0,14760,,New Route,14760
AHMEDABAD-RAIPUR,0,116064,,New Route,116064
AHMEDABAD-RAJKOT,0,344,,New Route,344
AHMEDABAD-RANCHI,0,123566,,New Route,123566
AHMEDABAD-SRINAGAR,0,82698,,New Route,82698
AHMEDABAD-SURAT,0,238,,New Route,238
AHMEDABAD-THIRUVANANTHAPURAM,0,28695,,New Route,28695
AIZAWL-BENGALURU,0,3853,,New Route,3853
AIZAWL-CHANDIGARH,0,139,,New Route,139
AIZAWL-DELHI,0,130389,,New Route,130389
AIZAWL-LUCKNOW,0,292,,New Route,292
AIZAWL-SHILLONG,0,8262,,New Route,8262
AMBIKAPUR-BILASPUR,0,618,,New Route,618
AMBIKAPUR-RAIPUR,0,738,,New Route,738
AMRAVATI-MUMBAI,0,6952,,New Route,6952
AMRITSAR-CHANDIGARH,0,122,,New Route,122
AMRITSAR-CHENNAI,0,1755,,New Route,1755
AMRITSAR-INDORE,0,87,,New Route,87
AMRITSAR-KOCHI,0,4777,,New Route,4777
AMRITSAR-KULLU,0,4208,,New Route,4208
AMRITSAR-LUCKNOW,0,14769,,New Route,14769
AMRITSAR-PUNE,0,93573,,New Route,93573
AMRITSAR-SIMLA,0,2432,,New Route,2432
AMRITSAR-VARANASI,0,46,,New Route,46
AURANGABAD-BENGALURU,0,47511,,New Route,47511
AURANGABAD-COIMBATORE,0,647,,New Route,647
AURANGABAD-GOA,0,16251,,New Route,16251
AURANGABAD-LUCKNOW,0,444,,New Route,444
AURANGABAD-NAGPUR,0,2252,,New Route,2252
AURANGABAD-NASIK,0,193,,New Route,193
AURANGABAD-VARANASI,0,170,,New Route,170
AYODHYA-BENGALURU,0,267724,,New Route,267724
AYODHYA-CHENNAI,0,90,,New Route,90
AYODHYA-DELHI,0,334657,,New Route,334657
AYODHYA-HISSAR,0,3565,,New Route,3565
AYODHYA-HYDERABAD,0,77588,,New Route,77588
AYODHYA-JAISALMER,0,13,,New Route,13
AYODHYA-MUMBAI,0,249099,,New Route,249099
AYODHYA-PATNA,0,158,,New Route,158
AYODHYA-PRAYAGRAJ,0,139,,New Route,139
AYODHYA-VARANASI,0,133,,New Route,133
BAGDOGRA-BHUBANESWAR,0,13333,,New Route,13333
BAGDOGRA-COIMBATORE,0,129,,New Route,129
BAGDOGRA-DEHRADUN,0,12,,New Route,12
BAGDOGRA-DURGAPUR,0,9928,,New Route,9928
BAGDOGRA-IMPHAL,0,16110,,New Route,16110
BAGDOGRA-JAIPUR,0,370,,New Route,370
BAGDOGRA-LEH,0,35,,New Route,35
BAGDOGRA-PATNA,0,997,,New Route,997
BAGDOGRA-PUNE,0,49,,New Route,49
BAGDOGRA-RAIPUR,0,3,,New Route,3
BAGDOGRA-SRINAGAR,0,86,,New Route,86
BAGDOGRA-VARANASI,0,4,,New Route,4
BAREILLY-BENGALURU,0,49603,,New Route,49603
BAREILLY-GOA,0,49,,New Route,49
BAREILLY-MUMBAI,0,70641,,New Route,70641
BELGAUM-CHENNAI,0,2,,New Route,2
BELGAUM-DELHI,0,88438,,New Route,88438
BELGAUM-GOA,0,323,,New Route,323
BELGAUM-JAIPUR,0,14591,,New Route,14591
BELGAUM-KOLKATA,0,6,,New Route,6
BELGAUM-NAGPUR,0,3245,,New Route,3245
BELGAUM-TIRUPATI,0,54,,New Route,54
BENGALURU-BIDAR,0,22381,,New Route,22381
BENGALURU-DARBHANGA,0,37482,,New Route,37482
BENGALURU-DEOGHAR,0,116387,,New Route,116387
BENGALURU-DIBRUGARH,0,7891,,New Route,7891
BENGALURU-DURGAPUR,0,106866,,New Route,106866
BENGALURU-GHAZIABAD,0,20373,,New Route,20373
BENGALURU-HINDON,0,215499,,New Route,215499
BENGALURU-JABALPUR,0,97624,,New Route,97624
BENGALURU-JAISALMER,0,17839,,New Route,17839
BENGALURU-JAMMU,0,47277,,New Route,47277
BENGALURU-JHARSUGUDA,0,104263,,New Route,104263
BENGALURU-KALABURAGI,0,18908,,New Route,18908
BENGALURU-KANPUR,0,76098,,New Route,76098
BENGALURU-KHAJURAHO,0,35,,New Route,35
BENGALURU-KURNOOL,0,4688,,New Route,4688
BENGALURU-MALVAN,0,12956,,New Route,12956
BENGALURU-NANDED,0,39085,,New Route,39085
BENGALURU-NASIK,0,126166,,New Route,126166
BENGALURU-RAJKOT,0,117935,,New Route,117935
BENGALURU-SALEM,0,39206,,New Route,39206
BENGALURU-SHIVAMOGGA,0,32224,,New Route,32224
BENGALURU-SILCHAR,0,1110,,New Route,1110
BENGALURU-TUTICORIN,0,45748,,New Route,45748
BHATINDA-CHANDIGARH,0,34,,New Route,34
BHATINDA-HINDON,0,763,,New Route,763
BHAVNAGAR-JAIPUR,0,66,,New Route,66
BHAVNAGAR-PUNE,0,15309,,New Route,15309
BHOPAL-CHENNAI,0,106,,New Route,106
BHOPAL-DATIA,0,506,,New Route,506
BHOPAL-GOA,0,45336,,New Route,45336
BHOPAL-INDORE,0,360,,New Route,360
BHOPAL-JABALPUR,0,3626,,New Route,3626
BHOPAL-KANNUR,0,143,,New Route,143
BHOPAL-LUCKNOW,0,7266,,New Route,7266
BHOPAL-PRAYAGRAJ,0,364,,New Route,364
BHOPAL-REWA,0,2268,,New Route,2268
BHUBANESWAR-CHANDIGARH,0,13249,,New Route,13249
BHUBANESWAR-DEHRADUN,0,34689,,New Route,34689
BHUBANESWAR-DIMAPUR,0,417,,New Route,417
BHUBANESWAR-DURGAPUR,0,16853,,New Route,16853
BHUBANESWAR-GOA,0,35536,,New Route,35536
BHUBANESWAR-HINDON,0,33239,,New Route,33239
BHUBANESWAR-INDORE,0,57574,,New Route,57574
BHUBANESWAR-ITANAGAR,0,3,,New Route,3
BHUBANESWAR-JAIPUR,0,57227,,New Route,57227
BHUBANESWAR-JAMMU,0,1800,,New Route,1800
BHUBANESWAR-JAMSHEDPUR,0,4157,,New Route,4157
BHUBANESWAR-JEYPORE,0,11757,,New Route,11757
BHUBANESWAR-LUCKNOW,0,60741,,New Route,60741
BHUBANESWAR-PATNA,0,101310,,New Route,101310
BHUBANESWAR-PORT BLAIR,0,55468,,New Route,55468
BHUBANESWAR-PRAYAGRAJ,0,29684,,New Route,29684
BHUBANESWAR-PUNE,0,107726,,New Route,107726
BHUBANESWAR-RAIPUR,0,73508,,New Route,73508
BHUBANESWAR-ROURKELA,0,12208,,New Route,12208
BHUBANESWAR-SRINAGAR,0,1129,,New Route,1129
BHUBANESWAR-UTKELA,0,3944,,New Route,3944
BHUBANESWAR-VARANASI,0,31759,,New Route,31759
BHUBANESWAR-VIJAYAWADA,0,9,,New Route,9
BHUBANESWAR-VISAKHAPATNAM,0,26807,,New Route,26807
BHUJ-DELHI,0,87048,,New Route,87048
BHUJ-SURAT,0,5927,,New Route,5927
BILASPUR-DELHI,0,12047,,New Route,12047
BILASPUR-HYDERABAD,0,19,,New Route,19
BILASPUR-INDORE,0,74,,New Route,74
BILASPUR-JABALPUR,0,7821,,New Route,7821
BILASPUR-JAGDALPUR,0,3295,,New Route,3295
BILASPUR-KOLKATA,0,6482,,New Route,6482
BILASPUR-PRAYAGRAJ,0,9364,,New Route,9364
BILASPUR-VARANASI,0,58,,New Route,58
CHANDIGARH-DEHRADUN,0,129,,New Route,129
CHANDIGARH-DHARAMSALA,0,29374,,New Route,29374
CHANDIGARH-GOA,0,189370,,New Route,189370
CHANDIGARH-GUWAHATI,0,17226,,New Route,17226
CHANDIGARH-HINDON,0,152,,New Route,152
CHANDIGARH-HISSAR,0,798,,New Route,798
CHANDIGARH-INDORE,0,56448,,New Route,56448
CHANDIGARH-JAIPUR,0,112279,,New Route,112279
CHANDIGARH-JAMMU,0,19103,,New Route,19103
CHANDIGARH-KOCHI,0,1989,,New Route,1989
CHANDIGARH-KULLU,0,15,,New Route,15
CHANDIGARH-PANTNAGAR,0,15,,New Route,15
CHANDIGARH-PATNA,0,80629,,New Route,80629
CHANDIGARH-PRAYAGRAJ,0,3267,,New Route,3267
CHANDIGARH-SILCHAR,0,8,,New Route,8
CHANDIGARH-UDAIPUR,0,2942,,New Route,2942
CHENNAI-CUDDAPAH,0,15060,,New Route,15060
CHENNAI-DEHRADUN,0,12330,,New Route,12330
CHENNAI-GHAZIABAD,0,7069,,New Route,7069
CHENNAI-HINDON,0,94483,,New Route,94483
CHENNAI-JAMMU,0,816,,New Route,816
CHENNAI-KANPUR,0,366,,New Route,366
CHENNAI-KURNOOL,0,4027,,New Route,4027
CHENNAI-PRAYAGRAJ,0,5787,,New Route,5787
CHENNAI-RAJKOT,0,10,,New Route,10
CHENNAI-RANCHI,0,122526,,New Route,122526
CHENNAI-SHIVAMOGGA,0,17874,,New Route,17874
CHENNAI-TIRUPATI,0,75,,New Route,75
CHENNAI-VADODARA,0,7637,,New Route,7637
COIMBATORE-DURGAPUR,0,265,,New Route,265
COIMBATORE-GOA,0,49099,,New Route,49099
COIMBATORE-GUWAHATI,0,4388,,New Route,4388
COIMBATORE-JAIPUR,0,1430,,New Route,1430
COIMBATORE-KOCHI,0,375,,New Route,375
COIMBATORE-LUCKNOW,0,63,,New Route,63
COIMBATORE-NAGPUR,0,8,,New Route,8
COIMBATORE-NASIK,0,747,,New Route,747
COIMBATORE-SHIRDI,0,859,,New Route,859
COIMBATORE-VIJAYAWADA,0,3,,New Route,3
COOCH BEHAR-KOLKATA,0,5623,,New Route,5623
CUDDAPAH-HYDERABAD,0,46283,,New Route,46283
CUDDAPAH-VIJAYAWADA,0,7045,,New Route,7045
DARBHANGA-DELHI,0,325525,,New Route,325525
DARBHANGA-GOA,0,59,,New Route,59
DARBHANGA-HYDERABAD,0,98350,,New Route,98350
DARBHANGA-KOLKATA,0,39446,,New Route,39446
DARBHANGA-MUMBAI,0,218219,,New Route,218219
DARBHANGA-PUNE,0,109,,New Route,109
DARBHANGA-SRINAGAR,0,67,,New Route,67
DARBHANGA-VIJAYAWADA,0,1,,New Route,1
DATIA-KHAJURAHO,0,319,,New Route,319
DEHRADUN-GORAKHPUR,0,13,,New Route,13
DEHRADUN-GUWAHATI,0,4278,,New Route,4278
DEHRADUN-INDORE,0,2063,,New Route,2063
DEHRADUN-KOLKATA,0,60727,,New Route,60727
DEHRADUN-KULLU,0,2820,,New Route,2820
DEHRADUN-PITHORAGARH,0,3106,,New Route,3106
DEHRADUN-PRAYAGRAJ,0,725,,New Route,725
DEHRADUN-PUNE,0,95997,,New Route,95997
DEHRADUN-SRINAGAR,0,4516,,New Route,4516
DELHI-DEOGHAR,0,163777,,New Route,163777
DELHI-HISSAR,0,1430,,New Route,1430
DELHI-HUBLI,0,98526,,New Route,98526
DELHI-ITANAGAR,0,83573,,New Route,83573
DELHI-JAGDALPUR,0,7857,,New Route,7857
DELHI-KANDLA,0,787,,New Route,787
DELHI-KHAJURAHO,0,31455,,New Route,31455
DELHI-PITHORAGARH,0,5974,,New Route,5974
DELHI-PURNEA,0,21216,,New Route,21216
DELHI-RAJAHMUNDRY,0,83035,,New Route,83035
DELHI-REWA,0,2287,,New Route,2287
DELHI-SHILLONG,0,14249,,New Route,14249
DELHI-SIMLA,0,9132,,New Route,9132
DELHI-TIRUCHIRAPALLY,0,30782,,New Route,30782
DEOGHAR-KOLKATA,0,36420,,New Route,36420
DEOGHAR-MUMBAI,0,49355,,New Route,49355
DEOGHAR-PATNA,0,2631,,New Route,2631
DEOGHAR-RANCHI,0,2814,,New Route,2814
DHARAMSALA-GORAKHPUR,0,21,,New Route,21
DHARAMSALA-KULLU,0,25,,New Route,25
DHARAMSALA-LUCKNOW,0,137,,New Route,137
DHARAMSALA-SIMLA,0,2261,,New Route,2261
DHARAMSALA-UDAIPUR,0,2,,New Route,2
DIBRUGARH-HYDERABAD,0,4559,,New Route,4559
DIBRUGARH-IMPHAL,0,23737,,New Route,23737
DIBRUGARH-JORHAT,0,148,,New Route,148
DIBRUGARH-RANCHI,0,8,,New Route,8
DIMAPUR-GUWAHATI,0,149189,,New Route,149189
DIMAPUR-IMPHAL,0,11171,,New Route,11171
DIU-GOA,0,8077,,New Route,8077
DIU-KESHOD,0,417,,New Route,417
DIU-SURAT,0,35650,,New Route,35650
DURGAPUR-GUWAHATI,0,9053,,New Route,9053
DURGAPUR-KOLKATA,0,222,,New Route,222
DURGAPUR-LUCKNOW,0,130,,New Route,130
DURGAPUR-RAIPUR,0,8,,New Route,8
DURGAPUR-VARANASI,0,1255,,New Route,1255
GAYA-MUMBAI,0,364,,New Route,364
GHAZIABAD-KISHANGARH,0,1624,,New Route,1624
GHAZIABAD-KOLKATA,0,8301,,New Route,8301
GHAZIABAD-MUMBAI,0,16723,,New Route,16723
GHAZIABAD-NANDED,0,4799,,New Route,4799
GHAZIABAD-PATNA,0,6846,,New Route,6846
GHAZIABAD-VARANASI,0,3278,,New Route,3278
GOA-GORAKHPUR,0,105,,New Route,105
GOA-HINDON,0,86790,,New Route,86790
GOA-JALGAON,0,39823,,New Route,39823
GOA-MALVAN,0,32,,New Route,32
GOA-NAGPUR,0,148865,,New Route,148865
GOA-NASIK,0,23193,,New Route,23193
GOA-RAJKOT,0,75583,,New Route,75583
GOA-SHIVAMOGGA,0,21222,,New Route,21222
GOA-SHOLAPUR,0,10168,,New Route,10168
GOA-UDAIPUR,0,97,,New Route,97
GOA-VADODARA,0,62498,,New Route,62498
GOA-VIJAYAWADA,0,154,,New Route,154
GONDIA-HYDERABAD,0,28232,,New Route,28232
GONDIA-INDORE,0,4618,,New Route,4618
GORAKHPUR-PRAYAGRAJ,0,96,,New Route,96
GORAKHPUR-PUNE,0,49,,New Route,49
GORAKHPUR-VARANASI,0,225,,New Route,225
GUWAHATI-ITANAGAR,0,3176,,New Route,3176
GUWAHATI-PASIGHAT,0,3637,,New Route,3637
GUWAHATI-PRAYAGRAJ,0,5237,,New Route,5237
GUWAHATI-PUNE,0,107686,,New Route,107686
GUWAHATI-RANCHI,0,19,,New Route,19
GUWAHATI-RUPSI,0,4005,,New Route,4005
GUWAHATI-SHILLONG,0,43,,New Route,43
GUWAHATI-TEZU,0,7018,,New Route,7018
GUWAHATI-VIJAYAWADA,0,5,,New Route,5
GUWAHATI-ZIRO,0,683,,New Route,683
GWALIOR-MUMBAI,0,111070,,New Route,111070
HINDON-INDORE,0,14102,,New Route,14102
HINDON-JAIPUR,0,5130,,New Route,5130
HINDON-JAMMU,0,1525,,New Route,1525
HINDON-KISHANGARH,0,13936,,New Route,13936
HINDON-KOLKATA,0,112525,,New Route,112525
HINDON-LUDHIANA,0,631,,New Route,631
HINDON-MUMBAI,0,86550,,New Route,86550
HINDON-NANDED,0,42898,,New Route,42898
HINDON-PATNA,0,71769,,New Route,71769
HINDON-VARANASI,0,69696,,New Route,69696
HISSAR-JAIPUR,0,615,,New Route,615
HUBLI-HYDERABAD,0,42467,,New Route,42467
HUBLI-INDORE,0,175,,New Route,175
HUBLI-PUNE,0,23895,,New Route,23895
HUBLI-VIJAYAWADA,0,4,,New Route,4
HYDERABAD-JAGDALPUR,0,42855,,New Route,42855
HYDERABAD-JALGAON,0,30402,,New Route,30402
HYDERABAD-JAMMU,0,34152,,New Route,34152
HYDERABAD-JODHPUR,0,121794,,New Route,121794
HYDERABAD-KANPUR,0,62053,,New Route,62053
HYDERABAD-KOZHIKODE,0,143455,,New Route,143455
HYDERABAD-MALVAN,0,15002,,New Route,15002
HYDERABAD-PRAYAGRAJ,0,86202,,New Route,86202
HYDERABAD-PURNEA,0,21404,,New Route,21404
HYDERABAD-RAJKOT,0,85524,,New Route,85524
HYDERABAD-SALEM,0,21288,,New Route,21288
HYDERABAD-SHIVAMOGGA,0,74096,,New Route,74096
HYDERABAD-SRINAGAR,0,107611,,New Route,107611
HYDERABAD-TIRUCHIRAPALLY,0,134225,,New Route,134225
HYDERABAD-TUTICORIN,0,83,,New Route,83
IMPHAL-JAIPUR,0,861,,New Route,861
IMPHAL-MUMBAI,0,2543,,New Route,2543
IMPHAL-SHILLONG,0,16130,,New Route,16130
IMPHAL-SILCHAR,0,10555,,New Route,10555
IMPHAL-TEZU,0,3100,,New Route,3100
INDORE-JABALPUR,0,49634,,New Route,49634
INDORE-JAIPUR,0,92736,,New Route,92736
INDORE-JAMMU,0,25369,,New Route,25369
INDORE-JODHPUR,0,32891,,New Route,32891
INDORE-NASIK,0,12024,,New Route,12024
INDORE-PATNA,0,3,,New Route,3
INDORE-PRAYAGRAJ,0,4695,,New Route,4695
INDORE-REWA,0,1027,,New Route,1027
INDORE-SHIRDI,0,9077,,New Route,9077
INDORE-UDAIPUR,0,21868,,New Route,21868
INDORE-VIJAYAWADA,0,162,,New Route,162
INDORE-VISAKHAPATNAM,0,2342,,New Route,2342
ITANAGAR-JORHAT,0,8,,New Route,8
ITANAGAR-KOLKATA,0,95985,,New Route,95985
ITANAGAR-TEZU,0,377,,New Route,377
ITANAGAR-ZIRO,0,55,,New Route,55
JABALPUR-JAGDALPUR,0,4691,,New Route,4691
JABALPUR-JAIPUR,0,6,,New Route,6
JAGDALPUR-NAGPUR,0,49,,New Route,49
JAGDALPUR-RAIPUR,0,98,,New Route,98
JAIPUR-JAMMU,0,23,,New Route,23
JAIPUR-JODHPUR,0,15367,,New Route,15367
JAIPUR-KHAJURAHO,0,25,,New Route,25
JAIPUR-KULLU,0,4662,,New Route,4662
JAIPUR-NAGPUR,0,4639,,New Route,4639
JAIPUR-NASIK,0,1377,,New Route,1377
JAIPUR-PATNA,0,159,,New Route,159
JAIPUR-PORT BLAIR,0,7,,New Route,7
JAIPUR-PRAYAGRAJ,0,13502,,New Route,13502
JAIPUR-RANCHI,0,12,,New Route,12
JAIPUR-SRINAGAR,0,292,,New Route,292
JAIPUR-VADODARA,0,8,,New Route,8
JAISALMER-KOLKATA,0,235,,New Route,235
JALGAON-MUMBAI,0,12965,,New Route,12965
JALGAON-PUNE,0,35349,,New Route,35349
JAMMU-KOLKATA,0,9008,,New Route,9008
JAMNAGAR-SURAT,0,8484,,New Route,8484
JAMSHEDPUR-KOLKATA,0,4571,,New Route,4571
JEYPORE-VISAKHAPATNAM,0,3059,,New Route,3059
JHARSUGUDA-LUCKNOW,0,18161,,New Route,18161
JHARSUGUDA-MUMBAI,0,78031,,New Route,78031
JHARSUGUDA-RAIPUR,0,6316,,New Route,6316
JODHPUR-KOLKATA,0,867,,New Route,867
JORHAT-PASIGHAT,0,53,,New Route,53
JORHAT-TEZU,0,938,,New Route,938
KANNUR-KOZHIKODE,0,538,,New Route,538
KANNUR-MANGALORE,0,431,,New Route,431
KANPUR-VIJAYAWADA,0,1,,New Route,1
KESHOD-MUMBAI,0,3090,,New Route,3090
KHAJURAHO-MUMBAI,0,23,,New Route,23
KHAJURAHO-REWA,0,46,,New Route,46
KISHANGARH-LUCKNOW,0,18063,,New Route,18063
KISHANGARH-NAGPUR,0,27027,,New Route,27027
KISHANGARH-PUNE,0,32677,,New Route,32677
KOCHI-KOZHIKODE,0,17135,,New Route,17135
KOCHI-PATNA,0,3826,,New Route,3826
KOCHI-RAIPUR,0,8274,,New Route,8274
KOCHI-SALEM,0,15647,,New Route,15647
KOCHI-SHIVAMOGGA,0,48,,New Route,48
KOCHI-VARANASI,0,6826,,New Route,6826
KOLHAPUR-MUMBAI,0,38589,,New Route,38589
KOLHAPUR-NAGPUR,0,2781,,New Route,2781
KOLHAPUR-VIJAYAWADA,0,353,,New Route,353
KOLKATA-KOZHIKODE,0,293,,New Route,293
KOLKATA-PURNEA,0,19367,,New Route,19367
KOLKATA-RAJAHMUNDRY,0,20,,New Route,20
KOLKATA-RAJKOT,0,204,,New Route,204
KOLKATA-ROURKELA,0,3494,,New Route,3494
KOLKATA-RUPSI,0,2909,,New Route,2909
KOLKATA-TIRUPATI,0,23,,New Route,23
KOLKATA-UDAIPUR,0,48,,New Route,48
KOLKATA-VADODARA,0,322,,New Route,322
KOLKATA-VIJAYAWADA,0,1,,New Route,1
KOZHIKODE-MANGALORE,0,24,,New Route,24
KOZHIKODE-VARANASI,0,244,,New Route,244
KURNOOL-VIJAYAWADA,0,3415,,New Route,3415
KURNOOL-VISAKHAPATNAM,0,7563,,New Route,7563
LILABARI-SILCHAR,0,53,,New Route,53
LUCKNOW-NAGPUR,0,5913,,New Route,5913
LUCKNOW-NASIK,0,421,,New Route,421
LUCKNOW-PRAYAGRAJ,0,4795,,New Route,4795
LUCKNOW-RAIPUR,0,75318,,New Route,75318
LUCKNOW-RANCHI,0,25180,,New Route,25180
LUCKNOW-SHIRDI,0,479,,New Route,479
LUCKNOW-SILCHAR,0,1762,,New Route,1762
LUCKNOW-VARANASI,0,9374,,New Route,9374
LUCKNOW-VIJAYAWADA,0,171,,New Route,171
MADURAI-VIJAYAWADA,0,852,,New Route,852
MALVAN-PUNE,0,20839,,New Route,20839
MANGALORE-PUNE,0,4516,,New Route,4516
MANGALORE-RAJAHMUNDRY,0,3,,New Route,3
MANGALORE-THIRUVANANTHAPURAM,0,3322,,New Route,3322
MUMBAI-RAJAHMUNDRY,0,82688,,New Route,82688
MUMBAI-SHOLAPUR,0,5990,,New Route,5990
MUMBAI-TIRUCHIRAPALLY,0,91439,,New Route,91439
NAGPUR-NASIK,0,4120,,New Route,4120
NAGPUR-PATNA,0,163,,New Route,163
NAGPUR-RAIPUR,0,1159,,New Route,1159
NANDED-PUNE,0,31450,,New Route,31450
NASIK-SHIRDI,0,105,,New Route,105
PANTNAGAR-PITHORAGARH,0,1191,,New Route,1191
PASIGHAT-SHILLONG,0,569,,New Route,569
PATNA-PUNE,0,117714,,New Route,117714
PATNA-VARANASI,0,503,,New Route,503
PONDICHERRY-RAJAHMUNDRY,0,87,,New Route,87
PORBANDAR-SURAT,0,43,,New Route,43
PORT BLAIR-RANCHI,0,2,,New Route,2
PRAYAGRAJ-PUNE,0,4606,,New Route,4606
PUNE-RAIPUR,0,136234,,New Route,136234
PUNE-RAJKOT,0,58078,,New Route,58078
PUNE-RANCHI,0,128213,,New Route,128213
PUNE-SRINAGAR,0,539,,New Route,539
PUNE-SURAT,0,58302,,New Route,58302
PUNE-THIRUVANANTHAPURAM,0,54250,,New Route,54250
PUNE-UDAIPUR,0,51,,New Route,51
PUNE-VADODARA,0,51152,,New Route,51152
PUNE-VARANASI,0,131559,,New Route,131559
PUNE-VIJAYAWADA,0,12,,New Route,12
RAIPUR-UTKELA,0,513,,New Route,513
RAIPUR-VIJAYAWADA,0,13,,New Route,13
RAIPUR-VISAKHAPATNAM,0,20529,,New Route,20529
RAJAHMUNDRY-TIRUCHIRAPALLY,0,486,,New Route,486
RAJAHMUNDRY-TIRUPATI,0,2410,,New Route,2410
RAJAHMUNDRY-VIJAYAWADA,0,299,,New Route,299
RAJAHMUNDRY-VISAKHAPATNAM,0,123,,New Route,123
RAJKOT-SURAT,0,111,,New Route,111
RAJKOT-UDAIPUR,0,528,,New Route,528
RANCHI-VARANASI,0,166,,New Route,166
SHIRDI-TIRUPATI,0,794,,New Route,794
SHIRDI-VIJAYAWADA,0,8559,,New Route,8559
SHIVAMOGGA-TIRUPATI,0,26417,,New Route,26417
SRINAGAR-VARANASI,0,162,,New Route,162
SURAT-VADODARA,0,54,,New Route,54
THIRUVANANTHAPURAM-TIRUCHIRAPALLY,0,4580,,New Route,4580
THIRUVANANTHAPURAM-VISAKHAPATNAM,0,4,,New Route,4
TIRUPATI-VISAKHAPATNAM,0,43896,,New Route,43896
VARANASI-VISAKHAPATNAM,0,10133,,New Route,10133
